Directors:,Movie Title:,Categories:,Myschool Video Link:
Person1,Cool Movie 1,IB,https://www.w3schools.com/html/mov_bbb.mp4
Person2,Cool Movie 2,IGCSE,https://www.w3schools.com/html/mov_bbb.mp4
Person3,Cool Movie 3,IB,https://www.w3schools.com/html/mov_bbb.mp4
Person4,Cool Movie 4,IGCSE,https://www.w3schools.com/html/mov_bbb.mp4
Person5,Cool Movie 5,IB,https://www.w3schools.com/html/mov_bbb.mp4
Person6,Cool Movie 6,IGCSE,https://www.w3schools.com/html/mov_bbb.mp4
Person7,Cool Movie 7,IB,https://www.w3schools.com/html/mov_bbb.mp4
Person8,Cool Movie 8,IB,https://www.w3schools.com/html/mov_bbb.mp4
Person9,Cool Movie 9,IGCSE,https://www.w3schools.com/html/mov_bbb.mp4
Person10,Cool Movie 10,IB,https://www.w3schools.com/html/mov_bbb.mp4
Person11,Cool Movie 11,IGCSE,https://www.w3schools.com/html/mov_bbb.mp4
