Video ID,Directors:,Title:,Categories:,Video Link,PosterImg,BannerImg,Description
1,Person 1,Video 1,IB,https://www.w3schools.com/html/mov_bbb.mp4,../Images/Posters/CNY Fest/Dulwich Chinese Short Film Festival-01.jpg,../Images/Banners/Default Banner.png,Video Description
2,Person 2,Video 2,IB,https://www.w3schools.com/html/mov_bbb.mp4,../Images/Posters/CNY Fest/Dulwich Chinese Short Film Festival-01.jpg,../Images/Banners/Default Banner.png,Video Description
3,Person 3,Video 3,IB,https://www.w3schools.com/html/mov_bbb.mp4,../Images/Posters/CNY Fest/Dulwich Chinese Short Film Festival-01.jpg,../Images/Banners/Default Banner.png,Video Description
4,Person 4,Video 4,IB,https://www.w3schools.com/html/mov_bbb.mp4,../Images/Posters/CNY Fest/Dulwich Chinese Short Film Festival-01.jpg,../Images/Banners/Default Banner.png,Video Description
5,Person 5,Video 5,IB,https://www.w3schools.com/html/mov_bbb.mp4,../Images/Posters/CNY Fest/Dulwich Chinese Short Film Festival-01.jpg,../Images/Banners/Default Banner.png,Video Description
6,Person 6,Video 6,IGCSE,https://www.w3schools.com/html/mov_bbb.mp4,../Images/Posters/CNY Fest/Dulwich Chinese Short Film Festival-01.jpg,../Images/Banners/Default Banner.png,Video Description
7,Person 7,Video 7,IGCSE,https://www.w3schools.com/html/mov_bbb.mp4,../Images/Posters/CNY Fest/Dulwich Chinese Short Film Festival-01.jpg,../Images/Banners/Default Banner.png,Video Description
8,Person 8,Video 8,IGCSE,https://www.w3schools.com/html/mov_bbb.mp4,../Images/Posters/CNY Fest/Dulwich Chinese Short Film Festival-01.jpg,../Images/Banners/Default Banner.png,Video Description
9,Person 9,Video 9,IGCSE,https://www.w3schools.com/html/mov_bbb.mp4,../Images/Posters/CNY Fest/Dulwich Chinese Short Film Festival-01.jpg,../Images/Banners/Default Banner.png,Video Description
10,Person 10,Video 10,IGCSE,https://www.w3schools.com/html/mov_bbb.mp4,../Images/Posters/CNY Fest/Dulwich Chinese Short Film Festival-01.jpg,../Images/Banners/Default Banner.png,Video Description
11,Person 11,Video 11,IB,https://www.w3schools.com/html/mov_bbb.mp4,../Images/Posters/CNY Fest/Dulwich Chinese Short Film Festival-01.jpg,../Images/Banners/Default Banner.png,Video Description
12,Person 12,Video 12,IB,https://www.w3schools.com/html/mov_bbb.mp4,../Images/Posters/CNY Fest/Dulwich Chinese Short Film Festival-01.jpg,../Images/Banners/Default Banner.png,Video Description
13,Person 13,Video 13,IB,https://www.w3schools.com/html/mov_bbb.mp4,../Images/Posters/CNY Fest/Dulwich Chinese Short Film Festival-01.jpg,../Images/Banners/Default Banner.png,Video Description
14,Person 14,Video 14,IB,https://www.w3schools.com/html/mov_bbb.mp4,../Images/Posters/CNY Fest/Dulwich Chinese Short Film Festival-01.jpg,../Images/Banners/Default Banner.png,Video Description
15,Person 15,Video 15,IB,https://www.w3schools.com/html/mov_bbb.mp4,../Images/Posters/CNY Fest/Dulwich Chinese Short Film Festival-01.jpg,../Images/Banners/Default Banner.png,Video Description
16,Person 16,Video 16,IGCSE,https://www.w3schools.com/html/mov_bbb.mp4,../Images/Posters/CNY Fest/Dulwich Chinese Short Film Festival-01.jpg,../Images/Banners/Default Banner.png,Video Description
17,Person 17,Video 17,IGCSE,https://www.w3schools.com/html/mov_bbb.mp4,../Images/Posters/CNY Fest/Dulwich Chinese Short Film Festival-01.jpg,../Images/Banners/Default Banner.png,Video Description
18,Person 18,Video 18,IGCSE,https://www.w3schools.com/html/mov_bbb.mp4,../Images/Posters/CNY Fest/Dulwich Chinese Short Film Festival-01.jpg,../Images/Banners/Default Banner.png,Video Description
19,Person 19,Video 19,IGCSE,https://www.w3schools.com/html/mov_bbb.mp4,../Images/Posters/CNY Fest/Dulwich Chinese Short Film Festival-01.jpg,../Images/Banners/Default Banner.png,Video Description
20,Person 20,Video 20,IGCSE,https://www.w3schools.com/html/mov_bbb.mp4,../Images/Posters/CNY Fest/Dulwich Chinese Short Film Festival-01.jpg,../Images/Banners/Default Banner.png,Video Description
