Title,Image,Video Link
Cool Movie 1,../Images/Posters/CNY Fest/Dulwich Chinese Short Film Festival-01.jpg,https://www.w3schools.com/html/mov_bbb.mp4
Cool Movie 2,../Images/Posters/CNY Fest/Dulwich Chinese Short Film Festival-01.jpg,https://www.w3schools.com/html/mov_bbb.mp4
Cool Movie 3,../Images/Posters/CNY Fest/Dulwich Chinese Short Film Festival-01.jpg,https://www.w3schools.com/html/mov_bbb.mp4
Cool Movie 4,../Images/Posters/CNY Fest/Dulwich Chinese Short Film Festival-01.jpg,https://www.w3schools.com/html/mov_bbb.mp4
Cool Movie 5,../Images/Posters/CNY Fest/Dulwich Chinese Short Film Festival-01.jpg,https://www.w3schools.com/html/mov_bbb.mp4
Cool Movie 6,../Images/Posters/CNY Fest/Dulwich Chinese Short Film Festival-01.jpg,https://www.w3schools.com/html/mov_bbb.mp4
Cool Movie 7,../Images/Posters/CNY Fest/Dulwich Chinese Short Film Festival-01.jpg,https://www.w3schools.com/html/mov_bbb.mp4
Cool Movie 8,../Images/Posters/CNY Fest/Dulwich Chinese Short Film Festival-01.jpg,https://www.w3schools.com/html/mov_bbb.mp4
Cool Movie 9,../Images/Posters/CNY Fest/Dulwich Chinese Short Film Festival-01.jpg,https://www.w3schools.com/html/mov_bbb.mp4
Cool Movie 10,../Images/Posters/CNY Fest/Dulwich Chinese Short Film Festival-01.jpg,https://www.w3schools.com/html/mov_bbb.mp4
